{
  "data": [
    {
      "images" : "https://static1.squarespace.com/static/5535bce1e4b071a2f7e12732/55a85f73e4b0a37bc13840e6/58b52eade4fcb5991e72c16e/1488268974401/TASSEL1200.JPG",
      "title" : "Tassel Me This"
    },
    {
      "images" : "https://static1.squarespace.com/static/5535bce1e4b071a2f7e12732/55a85f73e4b0a37bc13840e6/58b49d1d17bffc07f1c3cf0e/1488231710603/1200x560+Shoot+the+freak+3.jpg",
      "title": "Shoot the Feak"
    },
    {
      "images" : "https://static1.squarespace.com/static/5535bce1e4b071a2f7e12732/55a85f73e4b0a37bc13840e6/58b49976e3df283cef4fd3ec/1488230779982/Castles+Basement+1200x560.png",
      "title" : "Castles"
    },
    {
      "images" : "https://static1.squarespace.com/static/5535bce1e4b071a2f7e12732/55a85f73e4b0a37bc13840e6/58b4afc9e6f2e15812074d78/1488236490221/Performance+Salon+Week+2_1200.jpg",
      "title" : "Performance Salon"
    },
    {
      "images" : "https://static1.squarespace.com/static/5535bce1e4b071a2f7e12732/55a85f73e4b0a37bc13840e6/58b497e4a5790a11a8d14526/1488230372981/1200-560+size+new.jpg",
      "title" : "Mea Tau"
    }
  ]
}
